{"identifier":"5e8cfb4ec7935b0018b6281a","visibility":true,"category":{"_id":"59e10fa9e7b3ff4db5a24665","name":"Tools","description":"","__v":0,"$$mdSelectId":39},"runnable":true,"forkeable":true,"services":[],"constants":[],"type":"APP","description":"This app implements a precision timer.","documentation":"# Chronometer\n\nThis app implements a precision timer. It indicates how long it took to perform a specific action and also indicates partial readings along with the total time.\n\n![Chronometer](https://imgur.com/SElMaC4.jpg)\n\n\n## Authors\n\n* **Agustina Dinamarca** - *agustina.d@matrproject.com*","devices":[],"channels":[],"navigationBarStyle":{"textColor":"#FFFFFF","tintColor":"#FFFFFF","backgroundColor":"#0078c2","fontSize":18},"selectedThemeId":"59e10fabe7b3ff4db5a2469b","tags":[{"_id":"5e8f3af1c7935b0018b63197","name":"cronómetro","__v":0,"$$hashKey":"object:3867"},{"_id":"5e8f3af1c7935b0018b63196","name":"chronometer","__v":0,"$$hashKey":"object:3868"}],"standaloneAppProperties":{"appName":{"platform":"ALL","value":"Cronómetro"},"packageName":{"platform":"ALL","value":"com.agustinad.cronmetro"},"unhandledException":{"platform":"ALL","value":0},"andFirebaseApiKey":{"platform":"ANDROID","value":null},"andFirebaseAppId":{"platform":"ANDROID","value":null},"iosFirebaseApiKey":{"platform":"IOS","value":null},"iosFirebaseAppId":{"platform":"IOS","value":null},"iosFirebaseGCMSenderId":{"platform":"IOS","value":null},"firebaseDatabaseUrl":{"platform":"ALL","value":null}},"standalone":false}